X1,X2,Y
1.8727005942368125,0.9256646441930982,1
4.75357153204958,2.7095047368917906,0
3.6599697090570253,4.364729179382041,0
2.993292420985183,3.661124432047806,1
0.7800932022121826,4.032805739307249,0
0.7799726016810132,3.293916833553587,0
0.2904180608409973,3.4613828225892624,0
4.330880728874676,4.2459782578265965,0
3.005575058716044,1.2483400442959298,1
3.540362888980227,2.4471248182157024,1
0.10292247147901223,1.1060472090980111,0
4.8495492608099715,4.938340039983235,0
4.162213204002109,4.720296698433066,0
1.0616955533913808,0.1971340568425295,0
0.9091248360355031,3.5278758625784423,0
0.9170225492671691,4.626241587078329,0
1.5212112147976886,0.9028767256366677,0
2.6237821581611893,2.839726152763147,1
2.1597250932105787,4.577441487940209,0
1.4561457009902097,0.1697298929289942,0
3.0592644736118975,3.4871013362341996,1
0.6974693032602092,1.4867450368627537,0
1.4607232426760908,4.621980976882652,0
1.8318092164684585,4.855291225826839,0
2.28034992108518,4.721332445567169,0
3.925879806965068,2.371071083287319,1
0.9983689107917987,4.310213254946567,0
2.571172192068058,4.222746992675352,1
2.9620728443102124,1.5955023662162782,1
0.23225206359998862,4.144577370753387,0
3.0377242595071916,0.1850381735774631,0
0.8526206184364576,2.981349392410265,1
0.3252579649263976,1.1500441864385151,0
4.7444276862666666,0.602834428886394,0
4.828160165372797,0.3847660081460458,0
4.041986740582305,3.4814438793906985,0
1.5230688458668533,1.6993748188403308,1
0.48836057003191935,3.6238338576438074,0
3.4211651325607844,0.32678170399471185,0
2.2007624686980067,1.5764516891530516,1
0.6101911742238941,2.697456461876686,0
2.475884550556351,3.953615824194818,1
0.17194260557609198,1.5937625146603496,0
4.546602010393911,3.1294568821850453,0
1.2938999080000846,4.429888741180935,0
3.31261142176991,3.0793159409115227,1
1.5585553804470549,1.164797373768169,1
2.600340105889054,0.1220039077826901,0
2.7335513967163982,4.350494369504649,0
0.9242722776276352,0.10634705425193569,0
4.847923138822793,4.3735083634209975,0
3.8756641168055728,2.64468567013606,1
4.697494707820946,4.695338492564481,0
4.474136752138244,3.993916178868327,0
2.9894998940554256,4.989670552666688,0
4.609371175115584,1.7535590772585508,0
0.4424625102595975,3.8359414446556346,0
0.979914312095726,2.009654568046211,1
0.22613644455269033,2.3993781015195443,0
1.6266516538163218,3.1375273160918504,1
1.9433864484474102,4.368385570931694,0
1.3567451588694794,4.9204173459964755,0
4.143687545759647,3.841367069322591,0
1.7837666334679465,2.088833910836669,1
1.4046725484369038,2.106785011385351,1
2.7134804157912424,3.6879115079444573,1
0.7046211248738132,1.1938857288415117,0
4.010984903770199,0.5523705656569733,0
0.3727532183988541,1.7731107882038826,0
4.9344346830025865,1.4361949582704088,0
3.861223846483287,1.4815406022799504,1
0.993578407670862,1.1680387552495497,0
0.027610585618011996,0.21046594818180941,0
4.0773071422741705,0.08936967366706905,0
3.534286719238086,4.938611948680157,0
3.6450358402049368,2.138865668679312,1
3.8563517334297286,1.9216332357984083,1
0.3702232586704518,3.3982364134653493,0
1.7923286427213632,1.0912694393253208,1
0.5793452976256486,4.749805919751127,0
4.315517129377968,3.9317250720777603,0
3.1164906341377896,0.44705501156129757,0
1.654490124263246,2.087903878924642,1
0.3177917514301182,4.395591537810823,0
1.554911608578311,4.723660111457051,0
1.6259166101337352,2.3370075562493486,1
3.64803089169032,3.0670569460535386,1
3.1877873567760657,0.8351697304603761,0
4.436063712881633,4.955843130684883,0
2.3610746258097466,1.1583585069172169,1
0.5979712296915085,4.713658870675628,0
3.566223936114975,3.2482332449618423,1
3.803925243084487,3.0386839743942957,1
2.8063859878474813,2.563442555082543,1
3.854835899772805,1.1533490585887933,0
2.4689779818219537,0.8826401600275413,1
2.6136641469099704,1.1024310453508768,1
2.137705091792748,0.9321913107212726,1
0.12709563372047594,3.8979223678337664,0
0.5394571349665223,1.7506262958336505,0
0.15714592843367126,0.28921338281698183,0
3.182052056318902,4.845513150704057,0
1.5717799053816335,4.4189294248171285,0
2.542853455823514,4.638761415976065,0
4.537832369630465,4.974539113232177,0
1.2464611457443748,0.8694762460974365,0
2.0519146151781484,1.9812100945132938,1
3.7777556927152434,3.7911923785204564,0
1.1439908274581123,3.480103090268961,1
0.38489954914396496,0.7694795316992753,0
1.4487572645688402,4.079165624953089,0
0.8061064362700221,1.1222028591833033,0
4.648488261712865,1.1190880741131153,0
4.040601897822085,2.6848721144670677,1
3.1670187825521174,2.9646996742085157,1
4.357302950938589,2.9004310391890558,0
4.018360384495573,0.45743418698877436,0
0.9328502944301792,4.387304313151902,0
4.462794992449889,1.3280002129435302,0
2.6967112095782535,0.6475746064140209,0
4.037200775820312,4.443740399344886,0
4.480456499617466,4.778257491148767,0
1.5900173748593194,4.310638086327253,0
0.5502596226383838,4.04758037362439,0
1.1396758127097084,3.2762099031951086,1
2.1355389431312815,2.7542868530456968,1
4.090073829612465,0.4349337995570507,0
4.303652916281717,2.0422660653534934,0
0.03476065265595352,1.86344258506157,0
2.553736512887829,1.2987689188016311,1
2.087055015743895,3.6171005684429245,1
1.1105390523536514,2.4793786753938543,1
0.599326836668414,0.40523107953823967,0
1.6880758570181398,1.1009160097490567,1
4.714548519562596,3.4162938182979796,0
1.6160146601037761,0.3806542974515009,0
2.5939531087168306,4.256034570243844,0
3.515094794475889,2.4757326350698716,1
1.81814801189647,2.40293288663324,1
4.858910413604804,2.962038923297588,0
4.812236474710556,4.123404829625746,0
1.2589114791268208,1.7390460395109653,1
2.4862425294619275,3.390080762795318,1
1.5043915490838482,2.8286598199789554,1
1.424202471887338,1.3351413508471066,1
0.18443473677266398,4.39314993177579,0
3.047821669899484,3.9871301080346404,1
2.5133951161443076,3.2922591732921274,1
0.25739375624994676,4.2529086454712095,0
1.3932323211830573,4.336471004799012,0
4.541329429833269,3.541814883575174,0
1.197809453334862,4.18506664181836,0
0.7244743604561155,3.487357308346418,0
2.447263801387815,3.400703858801502,1
4.928252270553004,3.0930568910759213,0
1.2102763575575022,3.763583197788206,0
3.360677737029393,0.7930255264653685,0
3.8080980766435877,4.404353795994642,0
1.1881877199619983,4.35921763872616,0
3.641081743059298,0.14623641517279573,0
1.838915663596266,4.129083752823814,0
3.1615291529678973,0.644349337367226,0
3.1676485538044736,1.6755942712957095,1
2.6788734203737925,3.717541281458039,1
0.4514488502720415,0.803799480241541,0
4.17651247794619,4.0898351205953105,0
1.6039003248586792,4.16067088978871,0
0.9325925519992712,2.537338668804181,1
0.20387570777381958,0.0319293585841679,0
2.954464715941209,1.435190665874564,1
3.3878218092114123,3.084634591878711,1
0.08293914463928076,4.9059308901371175,0
2.560465291496405,3.1590676350833418,1
1.1324788759896898,1.2990179053207989,0
3.2258639520472494,3.170028515498057,1
0.8718321450249572,2.6999268985792773,1
3.45468869051233,3.899226975755718,1
1.933676731502687,0.534903194134792,0
4.6836499436836725,3.80513951251014,0
0.6876047207299663,2.7063328933805515,0
1.7053317552512925,4.814960019294973,0
0.5673676062029454,1.7093608301934304,0
4.623468091392814,3.1631094656697405,0
4.386696766904905,4.660140527550087,0
1.289708138575778,0.5125486399533963,0
3.299920230170895,4.686142436182256,0
4.0861110010060795,3.439428611504067,0
2.7760040579973118,0.3391852955258595,0
2.6482528917800323,1.5048178347340813,1
1.2092614545022584,3.540860443226408,1
0.46551383902949606,0.3367530073438585,0
4.486078789766633,2.9108523008813663,0
4.502090285816652,1.7294152847647837,0
3.16550728636634,3.1045775888373854,1
1.6951489552435035,0.22871016906256425,0
1.7460478730633044,4.357684030761881,0
3.629778394351197,4.867444845886984,0
4.485551299762886,4.8443892764284575,0
4.4354321213255865,3.7482591587146237,0
3.899377729288119,0.6504312006531598,0
3.2101582307714387,3.791315979645113,1
0.42069982497524416,0.12293458229400755,0
0.8081435704730688,0.11061775764498627,0
4.492770942635397,1.6180510957477061,0
3.0321452982979498,2.443215952023329,1
0.04598525808314824,3.852037089038966,0
0.5073577143301605,3.416476883032526,0
3.317508845540279,2.229513531883742,1
0.025307919231093434,1.3681333314083295,0
0.8040402570874933,4.985622500788556,0
2.7436689468329307,2.1309065111798646,1
3.459475988463466,2.2569351216483775,1
3.259806297513003,0.8181191059583459,0
1.121346547302799,3.974047743749647,0
3.560896106737679,3.468411128907443,1
1.1862454374840004,1.103848063943802,0
1.6269984907963386,0.4119052280792135,0
3.732457025590121,3.4024965103735654,1
3.2481644952360735,3.2725560714056763,1
4.24611705247089,1.3662976349910467,0
3.2880644615017167,4.754317811252052,0
2.841543016677358,0.7552894589045012,0
0.4683738391404624,2.1616740052130097,0
1.8385790152971677,4.718079600837994,0
1.3260118384086272,2.0986365846306114,1
1.2199482168954179,3.1926297383204276,1
4.865052773762228,1.9879719898139714,0
1.965488623333802,1.3710760117433503,1
4.460232775885567,4.919888239799141,0
3.1556931299863145,2.046670031575215,1
3.974056517708242,4.470496018395672,0
2.5131854655259604,1.149773029455431,1
2.8845194231317954,1.0655235201254165,1
2.4625884690943196,0.1556704144225568,0
0.9762149389902225,3.2583341268794253,1
3.6122605763075266,1.8426317186188057,1
1.403861812204279,4.321791249198185,0
0.1215798321572692,2.366049533457786,0
3.227361479535839,4.840967139573609,0
0.8855533970352447,0.9276275785156057,0
4.702292921764571,4.343115839778054,0
4.769642885012937,3.8829842639587087,0
4.574321951102243,3.85460922322026,0
1.8507935012772219,4.223916140584438,0
0.07728308264433714,3.8051199547149945,0
4.641592812938627,3.131101608157077,0
2.1409207415865716,0.6562243884119379,0
4.833274095218348,0.16263089745625958,0
4.818099885446264,4.604239239078434,0
4.265047277336801,3.0832515726036904,0
1.4722444603479286,3.9826864548808816,0
1.9254886430096263,2.4076117575627505,1
4.255683357584284,0.5865409448119724,0
1.5846100257813882,0.6259289610127522,0
0.8474637334304624,3.4278264361448567,0
2.784006312291751,2.1515294744973135,1
4.680773870803905,1.0026236335016836,0
3.480148983374865,2.4579727337071846,1
2.8503058504468246,0.32104468537567044,0
0.4858824688538427,2.909857009571994,0
3.075036133495849,1.3449670221754884,1
4.950269250521316,3.9877955031859407,0
0.7004200761826201,1.5518097946178688,0
2.591648261818684,2.276100745409006,1
4.386865359639777,0.05810269954050318,0
3.703843088771022,0.3622344389727944,0
3.48507870497634,1.962467782033424,1
3.5124204199355464,2.3996941735856177,1
1.7974557560987758,3.0001027405965184,1
1.4679592213224668,1.4583128935465162,1
4.046805777392568,3.474909430632713,0
4.050566973395904,4.300611985946023,0
4.335361592900519,3.8992549444667493,0
4.566202762782357,0.19809412674178573,0
2.556711994304689,2.4025347362891445,1
2.507581473435998,0.5246508920908743,0
3.9914758948338758,1.2102250793126372,0
3.2498196538888258,4.933312966335732,0
3.509834386288517,0.7124777145075661,0
3.978963347180505,2.4944407672567803,1
4.450026709087831,3.0907786715905954,0
1.689975784257679,3.5123248527205195,1
1.87791476319972,2.7982434174345707,1
0.469909699204345,0.048854237095918296,0
2.89140070498087,1.6323065412199593,1
0.17971136898371043,2.5885582169235573,0
2.3279900906623006,0.43933249572416677,0
2.713223173537883,1.7531346560459038,1
1.432706260641422,0.16601554395683282,0
2.9541663028450538,0.3928924857751037,0
0.15250124969524714,1.9846163810079802,0
0.18674094374607209,0.6635787702153018,0
4.113002803298292,2.8377042413077906,1
1.8009532070563146,3.4473248456863286,1
0.6353025632594239,4.002933495545414,0
2.611216300274022,1.0007512212240504,1
3.849967765493054,0.8374129112953488,0
1.0791051374842158,0.5228392016720013,0
3.114452379095001,3.1821512477181835,1
0.42673732496884,3.5323786324345057,0
0.2584086058430385,0.1579307241282102,0
2.65677315784074,4.681061231218449,0
2.7031756080505325,0.25985641825736205,0
3.187149507491033,2.7064816765053523,1
3.6304566686133075,3.545302597254582,1
4.879260397312673,4.354845618730428,0
2.5815017415059764,3.570434660662139,1
1.6147823647062298,4.008640415348959,0
3.9759309738435182,1.6972509627140302,1
1.354161256310371,4.074125568732561,0
2.1948571035281805,0.4005742319233757,0
0.3922819067113298,4.474083280302638,0
0.12675371707728755,2.7379618807686814,0
4.813242073389626,4.0864888498124685,0
4.1799006025610295,2.2615914225915006,1
3.47987103046849,3.2178884759826247,1
2.044764722071349,2.632013304680566,1
0.8664716003542289,3.6579476087766594,0
0.7821852133554302,0.4081499101529479,0
1.2512144908229765,0.301760419952819,0
2.7461333235306022,1.2355161700507322,1
3.5729796135003116,0.7977234005659417,0
3.3009868835886564,4.3589178329610085,0
1.3996694847297142,1.0960699367902216,0
4.77432640331597,4.879326279095657,0
3.6894845834788423,1.6844789588555342,1
2.7717702625570033,0.9105895784434964,1
3.058603731171761,3.9484925357123957,1
2.0980003121389497,3.2935388775043806,1
1.2386549475057873,2.490978582265695,1
1.779863393256308,2.7768177546881563,1
3.7892305523218455,3.5960088913613193,1
0.07196744314877934,1.1422737066564936,0
0.5803632025345812,4.981669580283709,0
0.23001321010876374,4.873965810733916,0
0.20364401159485068,3.2516284317346846,0
4.277302920055036,0.9977122546457257,0
3.5182892969001185,3.401141212156457,1
2.370869145436626,0.3609920448958792,0
0.4891708032550074,0.15326251102903032,0
2.4580793755841617,1.2884144425560684,1
2.3673588539028283,2.3131147836965815,1
0.8660093495500759,4.341362527041903,0
2.169258246189865,3.6358453488315403,1
1.9925236719868673,3.713532605999905,1
3.0792504902610824,2.1274666722403768,1
3.175468254338219,1.7296749627348147,1
0.2265200488602226,1.8551938149230134,0
1.873063073132356,4.938247818680289,0
3.1292995785711817,0.2005459570624124,0
2.5156812929004384,4.335157480612243,0
4.282449205941611,2.893377042861967,0
3.293468158094725,2.1930770959479524,1
0.8146721354071484,3.6262883020756824,0
0.3528437370021492,2.4333447071235144,0
3.212096391031578,4.367116190408303,0
0.13255655270810907,4.503509320056293,0
2.9288779063673163,2.108604634367277,1
4.701151207124788,1.384138986175258,0
2.877370889379395,2.961751642966811,1
1.9408496310326095,4.561816728083455,0
3.216441092211766,1.053310945028333,1
2.2912644524575834,3.114832917817414,1
2.728083946579675,3.1578011004626028,1
4.707324043882625,3.665565112076405,0
1.9305131890038711,0.657838425636299,0
4.805952819119571,3.5791248234104427,0
4.526753209780319,4.545162603328205,0
0.9789556739464822,0.8984155443512098,0
0.3468065043758273,1.1877166246193882,0
0.5038900068871333,4.856975470208198,0
0.09110912825774864,0.9048847635474488,0
0.472214803779642,4.271925466847896,0
3.4150338670817844,2.461389282240174,1
0.35594324230114494,1.2361553720158853,0
1.5948781514688064,4.353749506362557,0
4.2243765548472725,2.2265262750133274,0
0.11635967867912933,2.574086769648451,0
4.072342412944679,1.7961668469988283,1
1.4092738738669996,2.9647542571746373,1
0.5908241381082813,0.8176193629251138,0
3.483685826820753,1.9554076832588034,1
3.14471423389942,4.847061611676438,0
4.387360067635265,1.2906671635056377,0
3.675355219019429,3.283683322706461,1
4.017404651924243,1.6259503211234745,0
1.4101728628565324,3.8673656284330034,0
0.8871977188986141,0.6543683035917491,0
3.753073758204292,4.849105225392724,0
4.03417369633632,2.2689477069181962,1
4.952525710003367,1.1802523167323198,0
2.0630883845571324,0.3674837366500633,0
1.860090428963916,0.8487895254377037,0
3.882064803709984,2.598869742780088,1
1.7040177012650892,1.6850158821564314,1
4.653786628017824,4.144416829413047,0
4.2920637592150594,2.1544376183090295,0
2.1449701368750915,1.2435713629381495,1
3.754355338957487,3.0857249330201504,1
3.7727143704234116,3.533886084427229,1
0.515619344179663,0.8352095395047493,0
4.512764533397833,0.8380960814415883,0
2.5262618622392856,0.18335713466771486,0
4.132287330538708,3.6820100753282023,0
1.6002480051530588,3.3190226381090255,1
4.477616142481002,2.3731543787490694,0
1.9460083936708155,4.220852244845986,0
0.0541882574014918,4.028350764750266,0
4.5269098820963185,2.9267718219837606,0
0.4564333839306678,4.341356402566293,0
1.5965681879520743,1.0292060501838414,1
4.750309835254025,0.5595980969886394,0
4.7530357346877805,1.348748057584948,0
2.8671894406164307,0.28543428044657426,0
3.159186060848996,2.65584764000516,1
2.2422276098915987,4.683028461474807,0
1.4660538584903227,0.19671770334254823,0
1.6433227268495798,0.610549570050134,0
3.362592280385192,2.2609951414171765,1
3.7618726471884,4.669375087639525,0
3.9578952186292424,1.5807805248837525,1
3.9480907139727694,2.536174043441962,1
0.45603051524345184,0.20786429525196048,0
2.472101523512907,0.7417160048104443,0
0.2877938000832214,4.933150614794235,0
2.7476444116186776,4.825593482180228,0
2.207652506866885,0.02469990467204808,0
4.438520913791499,4.759058927116195,0
1.7545750627603933,3.195599689077502,1
0.5853350821380293,4.339591472600111,0
0.7149584102641793,2.2736992781692953,0
3.8075531585873614,2.5779801428962514,1
3.0910903165813055,2.444232901284601,1
0.5056133806139512,3.3343212877305217,0
0.42053403057498717,0.6982562737815645,0
3.5048456572955997,0.14986794936338976,0
0.36381503182096764,1.5396497079559546,0
4.1093002964517815,3.5234038136832337,0
3.531211135782481,1.0092672606147417,0
0.4067439032094988,3.3671621666245866,0
0.4241885704259596,4.849560230536352,0
4.933197892505877,0.46950357894709194,0
1.8713539787806015,3.363010591125631,1
1.8532107353344545,2.2187510965228556,1
4.063997836287513,4.3407112718875265,0
4.736242886919293,0.8857489472369295,0
4.930005319114354,3.4631297611308227,0
3.766890926294708,4.190576448240551,0
1.881297927654579,4.723071097370116,0
0.4175035834933438,3.4162401414482293,0
3.885734579637184,2.4858738200421366,1
2.792021248679025,3.089236201006069,1
2.1211100462348815,4.344524922393591,0
4.53177192547368,2.8530487331941483,0
0.5559874115307567,0.1519352984841843,0
2.4631255214542955,4.654743477534889,0
0.056768223837095344,3.447633755157806,0
2.3433032099706312,3.3825669288862326,1
0.28151637840918675,1.0783757619885859,0
0.5940895813403596,3.2944273511632858,0
0.5876312338855244,1.9693220282707924,0
3.246051510580318,3.2561648852074603,1
3.7302243963271167,0.5329651515399536,0
2.916843825485798,3.2892265230151803,1
4.810862742372709,4.997068628853333,0
1.8743528976185204,0.24106019430278014,0
1.4285604314093037,4.885870921106586,0
4.342995640947302,2.034539803614353,0
1.117979192597263,4.353767251686296,0
4.816112697203057,3.9119274202913674,0
0.06077237344908171,2.8350813049333388,0
4.849394133538195,3.6922460462566327,0
0.21579955975288057,4.39257780650674,0
4.455715568490356,2.0207016082551648,0
2.6385055454314994,1.6351658078161935,1
4.964823980596502,3.3379669278179236,0
0.3689828236769943,4.039229709706293,0
2.7692714220066037,3.811425673883079,1
4.846512678095495,3.9890682442931724,0
2.615489220850744,2.177916574064665,1
3.1469931906763127,4.089171080875108,1
3.4787434449230856,0.6010452768530422,0
2.272705323838866,2.722445489804248,1
3.137790400420317,0.028793302490607853,0
2.921571559615501,1.6229291495013514,1
4.505790052454945,1.8323076743569895,0
0.22723190170728935,1.980863458046277,0
1.4048159479611515,3.477336033449311,1
4.752057420382794,1.9427905063517286,0
4.4513189194545815,2.2434681131126535,0
2.278283763928565,1.1877206543716374,1
3.1006629890076836,1.8662589581467004,1
1.3869059149056633,1.1363481363157573,0
0.9406057986188066,0.3659796188422182,0
2.3184920246999106,3.0172429669068896,1
1.766761140130264,3.3410639927750814,1
2.9182805592543604,3.0974517300480726,1
0.3886731848249242,2.3174702190028618,0
4.8719740383308325,1.898928900896149,0
4.931053722398015,4.316668247859126,0
3.490808570098726,2.5954089256810904,1
2.680481831720602,2.395909388148655,1
1.5476380814316388,0.12821032903217844,0
4.068975098534743,1.7062391381307818,0
3.4236558627693965,1.9009780939292853,1
0.8130846967244565,1.9941139044845024,0
4.554635922469212,2.9008618461366615,0
4.112686214615845,2.6680127336343924,1
4.74899956645962,3.039525463967223,0
3.6285975419418,3.8244163077106412,0
3.0670759796789495,4.064928693580468,1
2.0912151814530944,3.590615381132472,1
4.663642416770067,4.777618479774674,0
4.330319447502042,0.09116291338180815,0
0.22609335053094703,0.9788899284177305,0
0.13183487248626002,0.0378143748907106,0
1.8823168343902479,3.237373570773015,1
4.052766653909164,4.490152744749935,0
4.936380646574722,1.2174114828814964,0
0.7520844555176409,4.635172723981533,0
2.9706535767606757,0.30133695144780426,0
1.9044542831551077,4.672180134027571,0
4.8495719890730165,1.758113436198172,0
4.210594615678543,0.5071041422460826,0
4.1916435235556895,2.4293587959316283,1
2.3434657989748513,1.2838828386025396,1
2.074097511688326,1.4243645098096143,1
1.3670353596535312,1.5364498246314329,1
0.2818774832546356,4.015129489163317,0
4.323611881275266,2.695806383376272,0
4.064505045650388,1.5565384957800181,0
4.998588366430653,3.0516689165545916,0
4.983184185369527,3.580753371115968,0
2.7771585280131372,1.3631200036676687,1
3.8449370759025525,2.0677455076267575,1
4.72382864941214,0.6094304666847378,0
4.248236953387058,0.9057467476734016,0
1.2367405087159882,3.405589269824914,1
2.2527206765504677,0.9071917384781347,1
0.6457970757574749,2.6258169183353006,0
4.770255136293612,3.5452313086121636,0
3.0308731722544002,0.5343846154737192,0
1.1432140275173137,2.836561098144518,1
3.3585034220292838,1.2828139185068188,1
3.090641202289479,4.814634376187899,0
1.7908135901642024,2.4177282335996235,1
0.5677879609981451,4.029962748875791,0
3.357865977963998,2.7511327107813086,1
2.6015385045189667,0.21706266427409582,0
3.8615919586781966,3.1657568779701117,1
2.600817505559967,4.757016711033285,0
4.2609075015927,3.008059100731656,0
2.759534193872428,4.095944297133951,1
2.8046898576769315,4.421032316742039,0
4.383268013291725,1.1403988597446624,0
2.0174143310619854,1.0602241995411332,1
0.6700761422532037,3.0549049442549587,0
0.14391338156669486,2.0551423490335234,0
3.775686278368095,4.1993065143336015,0
3.1015477567673235,4.500115616990056,0
3.5203988404961177,1.7671068965135905,1
1.0648208075445535,1.1843527948724102,0
0.6818573779338488,3.902627576219309,0
0.07272332833940964,1.3740301777406805,0
1.7529377940329849,4.113071592568392,0
2.9495884342731653,2.118691268243814,1
1.9612202254986615,3.337749496457352,1
2.1873746101186455,0.4776765691733409,0
4.520793472468742,3.119296623382865,0
1.7412773351165018,2.258838393686146,1
2.569947445799054,2.9330423158773704,1
3.9182650637057153,0.8400710387243171,0
1.9827139116063508,3.6843687247209105,1
3.1104335011393673,4.3139853877161425,0
4.311818543733726,1.0836990004538782,0
4.747603118288211,0.47857277760080863,0
0.7353674046451897,0.11819293023168198,0
4.632938125807472,3.2098575022163303,0
2.460581465397691,3.035470180443904,1
1.2912219414947916,2.73348706357035,1
2.2956787811913064,1.1597354805798772,1
4.900162876427386,1.9545299795275732,0
2.463090469964348,2.9723816759308654,1
1.643758051437541,2.483834294295847,1
3.167004271583629,4.938927601074436,0
1.2007280938909655,0.6821987627836656,0
0.3793166405433196,3.4757227702379687,0
0.6443986095532461,2.0215938405214606,0
0.6402291947888622,2.1409980746280737,0
0.7595134675614718,3.5879888282908814,0
0.6941358632470507,3.4621807566218483,0
3.2043737240160732,4.956279968510941,0
0.9094004219957241,0.6419714472706262,0
1.728336416619316,0.5205482469208317,0
4.483942049530059,3.6216940856437057,0
2.3698082013143615,2.8919345850320455,1
3.3377886926051357,1.3708033327990292,1
0.8615993560081492,0.397096844944933,0
0.9614450940433539,0.4282912479821527,0
0.20434308133239432,4.470954373320591,0
0.8446753153608227,0.9593366235937145,0
1.3929516951597931,1.6168578105776037,1
0.8850524213837341,1.13328201113494,0
0.44351266878527806,1.7749815291596867,0
0.603179355503004,0.34711921373046684,0
2.303893840163629,2.595298954541352,1
1.0316685920289625,0.3380628179610745,0
1.8213493052403773,4.001782539111808,1
2.5170863542742845,1.1685604095521651,1
3.4519741431468267,2.700059573022553,1
0.19656069920549468,4.400395437807291,0
3.997051994545213,3.2543868452359708,1
3.139501947454539,2.6647889327566765,1
0.40879515974435954,1.621668765576878,0
4.3678931205338865,1.6650095652909895,0
4.604362002659066,3.3474347759909504,0
0.30538979927431875,4.970696806105837,0
1.3843882407360186,3.309195949246893,1
4.031006398965307,2.7889170868501245,1
3.7412984519182917,3.6532525511962306,1
0.9226050967818866,2.3260280614185906,1
1.0467466166835515,0.3007117130039261,0
1.85236051395691,2.8114840793895493,1
2.4226149259551066,4.788126422526901,0
3.0912738576514798,0.8765147117882982,1
1.844568197848862,3.4500244541033287,1
2.3126735806657397,1.0046684432952824,1
3.7373546906687825,2.6791384223654062,1
0.1834160144529895,0.4833822482335981,0
1.2621847217201037,2.2518546812909257,1
3.566747929422762,3.7808166444762303,1
4.476034188435997,1.7378576211949104,0
2.5583872105783305,3.32455862243609,1
2.6605674263265784,3.977249803948646,1
0.5358600566988803,4.635889097397263,0
2.237061834117273,1.1732104092772677,1
2.6630863322751157,1.9965795790465406,1
1.2123525181736483,0.7620800666520872,0
1.3462161547469047,4.962417510791876,0
1.8864208155231132,4.635004839621477,0
0.10035598888863184,2.699785651402798,0
1.6103958279158914,4.210166471882106,0
1.0572400349827231,2.604789886360211,1
1.6374867608895731,3.1179284400137988,1
0.5988106590962561,0.4456221605800831,0
4.452636403699475,3.7763521024840396,0
2.9679622677702433,0.6385674181761741,0
3.395511595722448,4.130338151262642,0
3.9458561930366916,3.9101404383519296,0
2.492210994645286,3.5437234887148823,1
0.43460144043711846,0.18080190262381057,0
2.685532709092739,1.515641779726643,1
2.9342055901043955,1.3155628495542144,1
3.72719737092165,1.8006820373575954,1
2.158297731148397,0.4382137338191927,0
0.6379015139778188,4.684789115155314,0
1.4188795289936222,2.7690112035618815,1
1.8154114819931755,1.5276215532901176,1
3.229586206658006,1.984907585371417,1
2.8538915233445596,2.236012702524178,1
1.7804836294892312,3.0029716668030866,1
4.932576243964898,2.578397138482489,0
3.0288740967844356,4.596959866072087,0
1.1861339586799724,2.484817414529151,1
0.5089123631020187,4.960790074116563,0
0.7642956959216601,4.257124788725479,0
1.2297886419225406,1.042552571786679,0
0.8034068662977784,4.652976073219581,0
0.9328351202565288,0.5818319894273805,0
1.4254758434692354,4.087248542455958,0
0.8668679764737741,1.9031164673829004,0
4.483827123132126,4.389871602225347,0
0.40116872830821104,4.340283450537251,0
2.6225569478512734,4.029627000588106,1
2.0519841349483077,3.950152181535307,1
4.911893084543032,1.523395695490204,0
0.5601945108402617,0.4045964152562609,0
1.9892779952287083,2.014900893825807,1
4.847352166376845,0.8676225749325434,0
4.327535629469901,3.4747554445123088,0
4.0853603547464,1.7304986326889278,0
1.289514135224699,4.878051004299574,0
0.8544379369503291,3.20486038672666,0
3.343216099622155,4.112402818171804,0
4.646879945637929,0.6626233637092421,0
2.783814465069649,4.310072411363112,0
2.8580634473494992,4.613785952566972,0
1.3998954683014209,2.4353095940946794,1
3.8474646659596843,3.031264688754887,1
0.9352187427876169,3.8240490045149773,0
1.6183961820212183,0.8741931363020627,0
2.127182193082084,2.5128303823172122,1
2.538051893422275,1.9933151388615655,1
1.2120486620754012,0.7318699608112456,0
0.5741841236960177,1.8376721114576573,0
3.0531002122081627,0.34086154692746784,0
1.4431527662012789,0.12905953474743492,0
2.9061911071130613,0.6758314457741138,0
0.7718135763710116,4.815575557945869,0
2.4057005092740873,2.747647679475085,1
2.6629471627579293,4.8291108057661,0
0.25911768411213454,2.16248939165066,0
1.683021390969603,1.5590806654262979,1
0.6720733846948712,2.5307093142012205,0
0.3168748523638387,2.1975584431645507,0
4.949801161949726,0.5283234213087196,0
1.6117692248736148,3.204131573451031,1
4.049372229273175,1.080190912547998,0
1.2732032738188193,3.0979397744891477,1
3.4075136111196462,3.2510054619907667,1
3.8011392994484328,0.7601242656432405,0
2.9781937030392216,0.3067481355533408,0
2.357880942750792,3.9038079303421993,1
2.059204570736343,2.2990021188466008,1
1.7443413327149764,0.29081897752737895,0
4.64764572123913,4.9743315858488355,0
4.153097038938646,0.2889028049818332,0
4.825134553332563,3.475176144292766,0
0.6214861174277236,4.918394626317068,0
3.6543373760182214,1.195900521079628,0
4.691702284105189,0.7112468434359809,0
0.9061653308283008,0.6069246971121445,0
0.3324813368338875,1.5163757378379779,0
3.7056032464502953,0.5052290550532335,0
2.8723655658995595,3.4608067084706597,1
4.20914388379136,0.31145899065031346,0
0.6988618831314475,2.5471106407489486,0
3.976336559299451,4.983484269264884,0
1.0081366002387226,4.069851347530094,0
0.8182797143285225,3.0760971911550543,0
0.8213289896549647,1.5312681039330585,0
4.07287360115691,3.1194791814581926,1
3.3259861034810005,2.6352073195582584,1
2.6153271238455966,2.130416919451857,1
1.7941524206175123,0.6535518837009974,0
4.386002704065541,4.433021076202333,0
1.962225537113177,2.2489232441066127,1
4.082997197357885,0.9731125591038253,0
2.195674542851092,1.838796754386448,1
1.884722147124538,2.0706487626446353,1
2.313398928348032,4.137689477834371,1
1.5068893708207103,3.6680719028070103,1
3.7380469008812556,3.846524468206699,0
2.513601950462396,0.05515632214323607,0
1.1610634757340865,2.0807699908988075,1
4.497872866372842,2.4067207581766183,0
1.9194561068660572,0.09596138411528343,0
2.717764305569943,1.299066043725171,1
4.532360554822735,3.801449115610675,0
3.1211899795699605,0.6855485286449953,0
0.5844902035418204,2.6765506572629585,0
4.699160618067376,1.0760093600861875,0
3.138540265357089,0.060603873219466364,0
1.6745280732854306,1.2060072879977075,1
0.6963603633169363,4.879368774550269,0
3.9701259463514798,4.007685559414948,0
3.1003637796425676,4.797883221605167,0
2.6673054598816077,2.4392702196318123,1
4.4694629152547884,0.5486809933875175,0
3.9429860561226535,2.739797444868465,1
0.7583743986637559,2.2718866727998046,0
1.5586103389777413,4.22178541369808,0
1.2424456990723287,0.49041290392122294,0
3.719731462863385,2.441205685108891,1
0.1676621736788969,0.7502433234699213,0
2.8494484243565825,1.6233796344502998,1
3.8122934287034527,3.686785386938998,0
4.383828183808747,2.3800906468438328,0
1.7104087435795372,1.8794414257288468,1
4.1062865233600645,1.9723813928501766,1
0.5531586847760361,2.297233842029933,0
4.232261458672591,3.9250827191852844,0
0.6374433116599121,4.460423444701172,0
1.9864364528018363,4.776673432519641,0
3.986476828897768,3.9345169312764754,0
0.7495871367438689,1.5770344787400636,0
1.1462569761632073,3.4406735304327105,1
3.611262841965331,2.1880156202769596,1
3.600182682730372,1.2733531102302558,1
3.2057381644264864,4.204357897129613,0
3.4697422223355003,0.19213174481162498,0
2.713622216737981,4.508809960677118,0
1.2589952945347638,2.307387323123671,1
1.7284799675195972,3.1860073840414023,1
0.9079885840071283,3.2967696110289135,0
4.542252806668142,4.475588703532682,0
2.916958973830602,3.183348410836037,1
2.0042570838181994,3.069667923800309,1
2.3100290182206633,0.3332602028034498,0
4.7364166980590765,2.59204010972602,0
0.766757015580401,0.7508450040852083,0
2.931149160083986,3.687168843607428,1
2.52944339442233,2.5611096040633723,1
3.0572711771732393,3.4011388960417666,1
0.09055091910420254,0.20836450301192133,0
4.360619544720757,0.4239600802290161,0
4.660591412418062,3.5816169403134115,0
2.825665917946045,0.36042167999336683,0
3.483254119384461,0.356283638826293,0
4.612496905886479,0.06054237617443725,0
3.536193171566993,4.7825069914974,0
0.7626952145713067,3.687541797295035,0
2.881441800834066,1.7662570425103208,1
3.0335752319142797,1.4826779064382762,1
2.12065335651193,1.7485161487292478,1
3.6822211781236143,3.8732676559059094,0
4.671835073845074,3.306853055352072,0
4.627842564533882,0.9259778393373397,0
2.2541968570206605,0.8705466766704217,1
0.5661902292037763,0.4919782485669866,0
4.924205994811673,3.301513598506691,0
4.194490432229671,3.8218633111086797,0
0.6233134060163342,1.3252321416250201,0
4.604209413086862,0.10472480515456406,0
4.349481810310642,0.41085833738213673,0
2.5941902856303605,4.839300174225152,0
2.9563771787246464,1.4772238873871013,1
1.9950135193506513,3.846115739190668,1
0.27380819411015667,3.1233178442713188,0
1.6759862082295047,1.9096981982644796,1
4.014267242990057,1.0284363109777757,0
0.023160115023014294,0.6069320907970321,0
1.667495858455721,3.075064840194333,1
1.9908434679547167,3.87316890318894,1
2.6869780146896143,3.2195212677056535,1
4.599278082063803,2.6515106662457915,0
1.7317299718298063,0.20975611715818132,0
1.7347660094811386,4.842443887971919,0
3.6875062405487418,3.9935709582728727,0
2.2610897044490357,1.4641101835048236,1
1.1230241146999098,4.899851646794254,0
2.262197580663467,3.0094079481816105,1
0.7042851018989993,2.912113291036232,0
0.8819349325311165,3.7403658971476608,0
2.4918388636973985,4.058848940450687,1
2.0946272475227397,3.2823930366575134,1
4.5742295053405,0.6404787318310001,0
1.8119694955831656,1.691337529972492,1
2.9029417513902174,4.640418201630249,0
3.1613214395976517,1.1230780592192597,1
0.06547228294166818,1.8608351191875667,0
3.317686860083553,2.16038441472098,1
0.8901798343487571,2.197024948472261,1
4.805351587347276,3.0646979124726275,0
0.7433136387655648,4.715379188723538,0
2.0731206186351185,1.203463559162525,1
0.4267483403932193,0.6075068815045903,0
4.984371259229737,0.9873524492996866,0
2.510975051656213,4.434624501046348,0
2.976925086600219,3.2290540632760303,1
0.3353823869421374,1.4295339461958005,0
3.749802351995889,4.079734694843086,0
1.0495279654779288,4.30684998181718,0
4.490271447203568,4.232571693451391,0
1.0256982024100358,4.5946326681977725,0
0.9534386033183329,1.261205100866808,0
0.1827483392404744,3.7752096437313916,0
2.360334725549996,2.3026974863707,1
2.824205666313082,4.209992764450307,0
0.32854319714176183,3.642453385808066,0
3.877638083475053,3.882237232498623,0
2.266444173740138,3.2808091884053576,1
2.6219513466379003,0.8871438473485344,1
2.2038137346911406,2.7251345944846914,1
2.00381530437663,4.923348697622541,0
2.7982016565410897,4.6869403324855945,0
0.7762012296535625,0.21586867898505835,0
0.9096406524763556,0.8240740786471856,0
4.3089281050675865,0.6586438672728095,0
4.7305773106681634,3.6298995499264777,0
1.8665465813987647,4.088926649284725,1
1.353723365717769,1.0675568315533597,0
3.2199977161950786,2.529263464759145,1
2.043670855490482,4.203515140056,0
0.1269317783017243,3.664007723831253,0
0.7807629868309518,2.7111860274592416,0
3.579861144236988,2.9517384522938643,1
3.294619709550757,2.5418027345814,1
0.13547996251741745,1.4877422565941028,0
1.109860809664747,2.8251099642950805,1
1.155373982940357,3.4444265102504534,1
3.359463717993642,4.366614579304039,0
0.09855268877182077,3.1814567698962404,0
0.5205429099228692,3.80560768521579,0
3.999580426865947,0.800358174772865,0
0.8927233102716681,2.3077873720989492,1
3.2637305392593734,0.04665809913546648,0
1.1909139052336326,1.233394322608115,0
0.4972069637967258,3.632308575565024,0
1.2158609549972703,4.9590497567468175,0
3.6113346592782958,0.49589049793607953,0
4.278482340531429,2.0074715793064413,0
4.151099322834958,4.000354843495797,0
1.9859176480922742,1.0201781731444943,1
3.3404256828532306,2.7754247465114315,1
1.0249214770791049,3.665356480148374,0
1.4657386513050663,3.0799272513008953,1
4.4816790926055985,0.9401236730770807,0
0.06500961755368018,1.776922843428697,0
0.4275426542723404,3.9189589224269863,0
1.0394312757301365,2.7711325706600833,1
0.13266101936909858,0.026148067714563683,0
0.9071771754489866,3.8049538001404692,0
2.915207804848461,0.17655677470119535,0
2.1071227529624896,3.728668913656161,1
4.4633585553848745,1.012402800826187,0
4.087217808692205,4.790367400596901,0
1.7090867584893799,1.8397037565104224,1
1.2971171671564625,1.6346580816903955,1
1.8984620408363346,0.7444402516622234,0
2.9514747125740386,1.5280210774510743,1
1.3403182041143813,4.383253809141003,0
3.12074453924567,4.981671688136236,0
2.0470582609562022,1.8415476525342416,1
2.7602359042599014,2.2430531547727126,1
2.1806326456765834,3.6103546910136854,1
1.4723287977095882,4.430978902325372,0
4.742266534810783,2.9652216709339205,0
3.818028970798804,1.9576284908891468,1
0.7005658788322627,2.0631092042431187,0
4.342339879489564,3.478090732484034,0
2.437155991247568,0.016091318021393408,0
4.472761134470457,3.0979466872992036,0
3.999276279736576,1.777465052206787,1
2.126067522346167,3.9709866563854215,1
0.11234654160058699,0.4649531991156608,0
1.3433867969247304,2.9410113347419524,1
2.7081710733043347,2.404864449430619,1
3.1673910991307364,3.211627629526137,1
1.2894384271660115,0.32426797241484173,0
0.6967803703641207,2.899918937140656,0
4.174651183996495,2.8074229397976187,1
4.92201090351776,2.8033004720808545,0
2.628450911513429,3.017438332982274,1
0.8583964292415175,3.382339686131811,0
1.3615366325968448,4.024944998403849,0
0.09195338273733367,1.3491036006410717,0
4.571494032802495,4.1252470509003105,0
0.5887554144507057,2.491278411317268,0
2.882582377571268,0.3852913956716558,0
1.37027610343603,0.292754646219896,0
2.770890012578967,1.6711915934803039,1
3.257101941759321,3.9244848855573378,1
4.1487090185360085,3.5384046737045787,0
1.032106358803016,3.943074823362032,0
0.05497914329240239,2.586345282208047,0
0.6844281503440364,2.2009949897774526,0
4.500093209240525,0.7372626335314197,0
4.369450387812576,1.6409637680465576,0
2.9870655108515414,2.1700968308693764,1
3.002584302168267,0.44300214839808616,0
3.3251833727312774,1.1030597635560562,1
0.876856393117248,2.991126470318694,1
4.572059729624799,3.678315571195949,0
2.0938526244603657,4.991737556964749,0
1.9156926412474873,4.665566656717789,0
2.5945885264141877,3.2128259976759574,1
0.23482983387527523,2.10624026647036,0
0.831416843780397,3.1808868235411634,0
3.6901680821318523,3.92825809040116,0
0.41399333962563234,0.5916809546169366,0
3.015760547331941,2.049524448481441,1
1.2267455484066048,4.199011428178086,0
1.9464780702098827,1.91916475966522,1
1.4434686838534994,2.8593613561359326,1
1.7783635823247457,2.938846804310991,1
3.5952295259212272,0.9223812656681968,0
1.4856085781158752,1.811177208261442,1
2.832023201484486,1.6725564437096607,1
2.3802520109954983,0.13098354266032397,0
3.3183558268132405,0.12095881945677622,0
4.68414869662379,4.158485218378868,0
3.6628604860512515,1.3653540498640622,1
1.074701892953784,2.5903938311940773,1
0.15591567530642336,1.4936278679438653,0
1.3113202214991255,4.703396225576703,0
2.9753896535012743,1.2964837943288687,1
0.25712906742125174,2.1482840636946756,0
2.481831236006182,4.3636512524230096,0
2.984214244584446,4.209667833959044,0
1.6712194540848042,0.9305070892313866,0
3.8545610187291097,4.013216548978552,0
0.532991265668859,2.290934433689463,0
0.3756889086790438,2.414844360426776,0
3.6409437810180165,0.6673998620797189,0
2.4774565810309923,0.40300756878562327,0
3.44201198213868,3.639696534868826,1
2.174136693018731,2.482305761776499,1
1.232010166195534,2.1842535130758978,1
4.095511588370998,3.6475411432619835,0
3.997079394844896,3.8275644949555487,0
3.473482354272134,0.7945408383467678,0
1.3607256861498134,3.0511257473882063,1
2.9511533343454355,0.6767704113884276,0
1.8048694847001339,3.7568754301452283,1
0.45791036663317075,3.2847757813356977,0
4.586567877311214,4.78307310541729,0
0.684093154594807,0.3447900817821059,0
4.751186769104012,0.2852736057562716,0
2.230028864789779,1.4109353734660006,1
